model,lp_macroF1,lp_acc,purity@5,purity@10,purity@20,R@1,R@5,R@10,mAP,silhouette,CH,DB
deepbgc,0.6939065841101085,0.7816349711170247,0.7494762288477035,0.7294923448831587,0.7109790491539082,0.002052175174475882,0.00938903448261335,0.01791846924744412,0.5570053178511633,0.08786984533071518,163.68832067701402,3.8102318083648297
bacfun_L1,0.7301722411956273,0.8029697950117101,0.7729534510433387,0.7498394863563402,0.7273475120385233,0.0020826792924374072,0.009795657473023928,0.018664485477006578,0.5391931583249577,0.0377805195748806,75.40588019637839,4.473855871625907
bacfun_L2,0.7312313645584918,0.8045762207145213,0.7688603531300161,0.7452648475120385,0.7202648475120386,0.0020838287988896756,0.009775314144591209,0.018424733870032524,0.4892197956358629,0.03997703641653061,73.07857228682032,4.536662146653227
bacfun_L3,0.7298717652964808,0.8057762110566514,0.7742375601926164,0.7527688603531301,0.7293940609951846,0.002116330568053404,0.009806621197061133,0.018583020771582418,0.5400703534307446,0.03648887202143669,62.593463702505446,5.045421278349948
